id,name,height,weight,base_experience,hp,attack,defense,special_attack,special_defense,speed,type_1,type_2,total_stats
1,bulbasaur,7,69,64,45,49,49,65,65,45,grass,poison,318
2,ivysaur,10,130,142,60,62,63,80,80,60,grass,poison,405
3,venusaur,20,1000,236,80,82,83,100,100,80,grass,poison,525
4,charmander,6,85,62,39,52,43,60,50,65,fire,,309
5,charmeleon,11,190,142,58,64,58,80,65,80,fire,,405
6,charizard,17,905,240,78,84,78,109,85,100,fire,flying,534
7,squirtle,5,90,63,44,48,65,50,64,43,water,,314
8,wartortle,10,225,142,59,63,80,65,80,58,water,,405
9,blastoise,16,855,239,79,83,100,85,105,78,water,,530
10,caterpie,3,29,39,45,30,35,20,20,45,bug,,195
11,metapod,7,99,72,50,20,55,25,25,30,bug,,205
12,butterfree,11,320,178,60,45,50,90,80,70,bug,flying,395
13,weedle,3,32,39,40,35,30,20,20,50,bug,poison,195
14,kakuna,6,100,72,45,25,50,25,25,35,bug,poison,205
15,beedrill,10,295,178,65,90,40,45,80,75,bug,poison,395
16,pidgey,3,18,50,40,45,40,35,35,56,normal,flying,251
17,pidgeotto,11,300,122,63,60,55,50,50,71,normal,flying,349
18,pidgeot,15,395,216,83,80,75,70,70,101,normal,flying,479
19,rattata,3,35,51,30,56,35,25,35,72,normal,,253
20,raticate,7,185,145,55,81,60,50,70,97,normal,,413
21,spearow,3,20,52,40,60,30,31,31,70,normal,flying,262
22,fearow,12,380,155,65,90,65,61,61,100,normal,flying,442
23,ekans,20,69,58,35,60,44,40,54,55,poison,,288
24,arbok,35,650,157,60,95,69,65,79,80,poison,,448
25,pikachu,4,60,112,35,55,40,50,50,90,electric,,320
26,raichu,8,300,218,60,90,55,90,80,110,electric,,485
27,sandshrew,6,120,60,50,75,85,20,30,40,ground,,300
28,sandslash,10,295,158,75,100,110,45,55,65,ground,,450
29,nidoran-f,4,70,55,55,47,52,40,40,41,poison,,275
30,nidorina,8,200,128,70,62,67,55,55,56,poison,,365
31,nidoqueen,13,600,227,90,92,87,75,85,76,poison,ground,505
32,nidoran-m,5,90,55,46,57,40,40,40,50,poison,,273
33,nidorino,9,195,128,61,72,57,55,55,65,poison,,365
34,nidoking,14,620,227,81,102,77,85,75,85,poison,ground,505
35,clefairy,6,75,113,70,45,48,60,65,35,fairy,,323
36,clefable,13,400,217,95,70,73,95,90,60,fairy,,483
37,vulpix,6,99,60,38,41,40,50,65,65,fire,,299
38,ninetales,11,199,177,73,76,75,81,100,100,fire,,505
39,jigglypuff,5,55,95,115,45,20,45,25,20,normal,fairy,270
40,wigglytuff,10,120,196,140,70,45,85,50,45,normal,fairy,435
41,zubat,8,75,49,40,45,35,30,40,55,poison,flying,245
42,golbat,16,550,159,75,80,70,65,75,90,poison,flying,455
43,oddish,5,54,64,45,50,55,75,65,30,grass,poison,320
44,gloom,8,86,138,60,65,70,85,75,40,grass,poison,395
45,vileplume,12,186,221,75,80,85,110,90,50,grass,poison,490
46,paras,3,54,57,35,70,55,45,55,25,bug,grass,285
47,parasect,10,295,142,60,95,80,60,80,30,bug,grass,405
48,venonat,10,300,61,60,55,50,40,55,45,bug,poison,305
49,venomoth,15,125,158,70,65,60,90,75,90,bug,poison,450
50,diglett,2,8,53,10,55,25,35,45,95,ground,,265
51,dugtrio,7,333,149,35,100,50,50,70,120,ground,,425
52,meowth,4,42,58,40,45,35,40,40,90,normal,,290
53,persian,10,320,154,65,70,60,65,65,115,normal,,440
54,psyduck,8,196,64,50,52,48,65,50,55,water,,320
55,golduck,17,766,175,80,82,78,95,80,85,water,,500
56,mankey,5,280,61,40,80,35,35,45,70,fighting,,305
57,primeape,10,320,159,65,105,60,60,70,95,fighting,,455
58,growlithe,7,190,70,55,70,45,70,50,60,fire,,350
59,arcanine,19,1550,194,90,110,80,100,80,95,fire,,555
60,poliwag,6,124,60,40,50,40,40,40,90,water,,300
61,poliwhirl,10,200,135,65,65,65,50,50,90,water,,385
62,poliwrath,13,540,230,90,95,95,70,90,70,water,fighting,510
63,abra,9,195,62,25,20,15,105,55,90,psychic,,310
64,kadabra,13,565,140,40,35,30,120,70,105,psychic,,400
65,alakazam,15,480,225,55,50,45,135,95,120,psychic,,500
66,machop,8,195,61,70,80,50,35,35,35,fighting,,305
67,machoke,15,705,142,80,100,70,50,60,45,fighting,,405
68,machamp,16,1300,227,90,130,80,65,85,55,fighting,,505
69,bellsprout,7,40,60,50,75,35,70,30,40,grass,poison,300
70,weepinbell,10,64,137,65,90,50,85,45,55,grass,poison,390
71,victreebel,17,155,221,80,105,65,100,70,70,grass,poison,490
72,tentacool,9,455,67,40,40,35,50,100,70,water,poison,335
73,tentacruel,16,550,180,80,70,65,80,120,100,water,poison,515
74,geodude,4,200,60,40,80,100,30,30,20,rock,ground,300
75,graveler,10,1050,137,55,95,115,45,45,35,rock,ground,390
76,golem,14,3000,223,80,120,130,55,65,45,rock,ground,495
77,ponyta,10,300,82,50,85,55,65,65,90,fire,,410
78,rapidash,17,950,175,65,100,70,80,80,105,fire,,500
79,slowpoke,12,360,63,90,65,65,40,40,15,water,psychic,315
80,slowbro,16,785,172,95,75,110,100,80,30,water,psychic,490
81,magnemite,3,60,65,25,35,70,95,55,45,electric,steel,325
82,magneton,10,600,163,50,60,95,120,70,70,electric,steel,465
83,farfetchd,8,150,132,52,90,55,58,62,60,normal,flying,377
84,doduo,14,392,62,35,85,45,35,35,75,normal,flying,310
85,dodrio,18,852,165,60,110,70,60,60,110,normal,flying,470
86,seel,11,900,65,65,45,55,45,70,45,water,,325
87,dewgong,17,1200,166,90,70,80,70,95,70,water,ice,475
88,grimer,9,300,65,80,80,50,40,50,25,poison,,325
89,muk,12,300,175,105,105,75,65,100,50,poison,,500
90,shellder,3,40,61,30,65,100,45,25,40,water,,305
91,cloyster,15,1325,184,50,95,180,85,45,70,water,ice,525
92,gastly,13,1,62,30,35,30,100,35,80,ghost,poison,310
93,haunter,16,1,142,45,50,45,115,55,95,ghost,poison,405
94,gengar,15,405,225,60,65,60,130,75,110,ghost,poison,500
95,onix,88,2100,77,35,45,160,30,45,70,rock,ground,385
96,drowzee,10,324,66,60,48,45,43,90,42,psychic,,328
97,hypno,16,756,169,85,73,70,73,115,67,psychic,,483
98,krabby,4,65,65,30,105,90,25,25,50,water,,325
99,kingler,13,600,166,55,130,115,50,50,75,water,,475
100,voltorb,5,104,66,40,30,50,55,55,100,electric,,330
101,electrode,12,666,172,60,50,70,80,80,150,electric,,490
102,exeggcute,4,25,65,60,40,80,60,45,40,grass,psychic,325
103,exeggutor,20,1200,186,95,95,85,125,75,55,grass,psychic,530
104,cubone,4,65,64,50,50,95,40,50,35,ground,,320
105,marowak,10,450,149,60,80,110,50,80,45,ground,,425
106,hitmonlee,15,498,159,50,120,53,35,110,87,fighting,,455
107,hitmonchan,14,502,159,50,105,79,35,110,76,fighting,,455
108,lickitung,12,655,77,90,55,75,60,75,30,normal,,385
109,koffing,6,10,68,40,65,95,60,45,35,poison,,340
110,weezing,12,95,172,65,90,120,85,70,60,poison,,490
111,rhyhorn,10,1150,69,80,85,95,30,30,25,ground,rock,345
112,rhydon,19,1200,170,105,130,120,45,45,40,ground,rock,485
113,chansey,11,346,395,250,5,5,35,105,50,normal,,450
114,tangela,10,350,87,65,55,115,100,40,60,grass,,435
115,kangaskhan,22,800,172,105,95,80,40,80,90,normal,,490
116,horsea,4,80,59,30,40,70,70,25,60,water,,295
117,seadra,12,250,154,55,65,95,95,45,85,water,,440
118,goldeen,6,150,64,45,67,60,35,50,63,water,,320
119,seaking,13,390,158,80,92,65,65,80,68,water,,450
120,staryu,8,345,68,30,45,55,70,55,85,water,,340
121,starmie,11,800,182,60,75,85,100,85,115,water,psychic,520
122,mr-mime,13,545,161,40,45,65,100,120,90,psychic,fairy,460
123,scyther,15,560,100,70,110,80,55,80,105,bug,flying,500
124,jynx,14,406,159,65,50,35,115,95,95,ice,psychic,455
125,electabuzz,11,300,172,65,83,57,95,85,105,electric,,490
126,magmar,13,445,173,65,95,57,100,85,93,fire,,495
127,pinsir,15,550,175,65,125,100,55,70,85,bug,,500
128,tauros,14,884,172,75,100,95,40,70,110,normal,,490
129,magikarp,9,100,40,20,10,55,15,20,80,water,,200
130,gyarados,65,2350,189,95,125,79,60,100,81,water,flying,540
131,lapras,25,2200,187,130,85,80,85,95,60,water,ice,535
132,ditto,3,40,101,48,48,48,48,48,48,normal,,288
133,eevee,3,65,65,55,55,50,45,65,55,normal,,325
134,vaporeon,10,290,184,130,65,60,110,95,65,water,,525
135,jolteon,8,245,184,65,65,60,110,95,130,electric,,525
136,flareon,9,250,184,65,130,60,95,110,65,fire,,525
137,porygon,8,365,79,65,60,70,85,75,40,normal,,395
138,omanyte,4,75,71,35,40,100,90,55,35,rock,water,355
139,omastar,10,350,173,70,60,125,115,70,55,rock,water,495
140,kabuto,5,115,71,30,80,90,55,45,55,rock,water,355
141,kabutops,13,405,173,60,115,105,65,70,80,rock,water,495
142,aerodactyl,18,590,180,80,105,65,60,75,130,rock,flying,515
143,snorlax,21,4600,189,160,110,65,65,110,30,normal,,540
144,articuno,17,554,261,90,85,100,95,125,85,ice,flying,580
145,zapdos,16,526,261,90,90,85,125,90,100,electric,flying,580
146,moltres,20,600,261,90,100,90,125,85,90,fire,flying,580
147,dratini,18,33,60,41,64,45,50,50,50,dragon,,300
148,dragonair,40,165,147,61,84,65,70,70,70,dragon,,420
149,dragonite,22,2100,270,91,134,95,100,100,80,dragon,flying,600
150,mewtwo,20,1220,306,106,110,90,154,90,130,psychic,,680
151,mew,4,40,270,100,100,100,100,100,100,psychic,,600
